Date,BTC,USD,EUR,JPY,GBP,CNY,AUD,CAD,CHF,Other
1999-03-31,,75.0307939895284,16.5083893889037,4.23424487326962,2.30532243261299,,,,0.546432301466155,1.37481701421918
1999-06-30,,76.6229369068848,15.6311982835649,3.71479038962879,2.25659319084052,,,,0.512668932582769,1.26181229649825
1999-09-30,,75.3459988780598,16.7692176560494,3.91837051732447,2.21101858522968,,,,0.514820751848202,1.24057361148841
1999-12-31,,74.3117118853586,17.3276390935329,3.9480426738273,2.53727436321642,,,,0.499772036097573,1.37555994796727
2000-03-31,,70.7965528604486,16.534852958916,6.0029110889405,3.80565808850985,,,,0.305566067237065,2.55445893594803
2000-06-30,,70.6756743292132,16.7730469443933,6.82175009453778,3.27907174864619,,,,0.208569363826617,2.24188751938297
2000-09-30,,70.643182802407,16.4219625327352,7.05327295071261,3.30999938865111,,,,0.228059718582468,2.3435226069116
2000-12-31,,69.7403271390709,17.5370606971042,6.56175315722423,3.41293387565885,,,,0.300435722773635,2.44748940816813
2001-03-31,,70.6500810298208,17.225731705536,5.94147496357515,3.38776502267296,,,,0.277286854191542,2.51766042420354
2001-06-30,,71.4003108062864,17.1533756874137,5.79673624889796,3.12644789829308,,,,0.272253200877856,2.25087615823107
2001-09-30,,70.7633611218991,17.9664971397453,5.72330188514773,3.06928099864589,,,,0.25357370651392,2.22398514804804
2001-12-31,,70.7836648539658,18.405093873867,5.39521468267518,3.10724716877079,,,,0.243598164527768,2.06518125619349
2002-03-31,,70.5138003119722,19.0441646615479,4.69090120558893,3.29174476524937,,,,0.296080925755089,2.16330812988654
2002-06-30,,67.8056192218856,20.086257041822,6.21221818704142,3.25522443181557,,,,0.286419187296188,2.35426193013926
2002-09-30,,66.6936532882457,21.152324713009,5.779089914227,3.58740482269655,,,,0.303467291983549,2.48405996983817
2002-12-31,,64.9391869591015,22.923391556076,5.60352576564664,3.67276693852855,,,,0.391308283066066,2.46982049758122
2003-03-31,,64.6161570687263,22.6563577577068,6.08921334824294,3.49080344798615,,,,0.244837072749828,2.90263130458794
2003-06-30,,64.6518884544982,23.1257328345919,5.51034698106732,3.50409443990468,,,,0.221573258514436,2.98636403142339
2003-09-30,,64.9081937339743,22.6868451713132,5.65159497024458,3.4881645545855,,,,0.236427540020288,3.02877402986216
2003-12-31,,63.534917057239,23.1322623759487,6.13064355843143,3.87014410029142,,,,0.232921630795454,3.09911127729395
2004-03-31,,64.6672276348416,21.7868685999698,6.36656899968995,4.00587867011783,,,,0.238947430591396,2.93450866478938
2004-06-30,,64.8549468240236,21.7693514192742,6.08232728818627,4.07030986164614,,,,0.246531866286037,2.97653274058376
2004-09-30,,64.4403466010848,22.1939086191011,5.80018541199292,4.33168723083639,,,,0.199459623001186,3.03441251398362
2004-12-31,,63.3229146034879,23.1446722069437,5.65184909403001,4.58606763238653,,,,0.208960983814368,3.08553547933754
2005-03-31,,64.2052408299401,23.0980113753154,4.83569328547569,4.68114567027959,,,,0.202516690650509,2.97739214833872
2005-06-30,,64.682879009746,22.6995876338169,4.7247221948449,4.65260265580003,,,,0.177872000382408,3.06233650540975
2005-09-30,,65.0115199088046,22.3372917750411,4.59516497809283,4.65064623472533,,,,0.191638504945211,3.21373859839095
2005-12-31,,64.888024245941,21.8892330637684,4.79884677395107,4.74683443670868,,,,0.205158020437379,3.47190345919347
2006-03-31,,64.8836357935906,22.1315791481771,4.35886195026249,5.03762439776006,,,,0.21106655629837,3.37723215391135
2006-06-30,,64.1111257285317,22.4579581568719,4.43483140769063,5.20648254703661,,,,0.200388394432645,3.58921376543659
2006-09-30,,64.5901865327659,22.0875462774912,4.34554362550244,5.22796628617241,,,,0.20390240977639,3.54485486829174
2006-12-31,,63.6672618202723,22.6226235338528,4.50033257124684,5.30450235240327,,,,0.213938298852018,3.69134142337283
2007-03-31,,63.6562290349214,23.2886674545895,3.86853698275938,5.10799281326877,,,,0.241546638622463,3.83702707583852
2007-06-30,,63.3986338150179,22.9164056076231,3.99956592387661,5.4755494320204,,,,0.207525482289555,4.00231973917239
2007-09-30,,62.7131094022578,23.7708386675709,3.83686104634003,5.33890734568154,,,,0.23457377501697,4.10570976313274
2007-12-31,,62.6016321357911,23.3228428580763,4.17151675232578,5.66413439912333,,,,0.214808160996282,4.02506569368718
2008-03-31,,63.0560597839148,23.2662209563831,4.28427882529844,5.22946327699782,,,,0.229035772252225,3.93494138515361
2008-06-30,,62.6959727212127,23.3095974440975,4.40652386868937,5.33113480977463,,,,0.245143513084014,4.01162764314179
2008-09-30,,63.9349439057916,22.2211500814526,4.37111734580125,5.2317249370122,,,,0.246914547932734,3.99414918200952
2008-12-31,,62.8681207370047,23.4170576773844,4.2603436497638,4.90925836295223,,,,0.22809669263497,4.31712288025992
2009-03-31,,63.8024997331739,23.2522906293496,3.63186909830574,4.74984028659825,,,,0.234961904516255,4.32853834805625
2009-06-30,,62.3523481014793,24.0779346111192,3.47780400655747,5.10846384353806,,,,0.215394737627666,4.76805469967838
2009-09-30,,61.3197557142948,24.1837460112942,3.50549753537876,5.15252934219309,,,,0.209416894152011,5.62905450268714
2009-12-31,,62.1878198896172,24.0467322850019,3.3482540381186,4.99987590374293,,,,0.209285240041787,5.2080326434776
2010-03-31,,61.7866178456704,23.8081398220863,3.6123632233472,5.07019816095642,,,,0.210800107010814,5.51188084092889
2010-06-30,,62.5629426546716,22.9718835513829,3.80844847550858,4.89762958298445,,,,0.220102547137286,5.5389931883152
2010-09-30,2.7608676339105544e-06,61.8216648528552,23.3324560606541,3.99415971745891,4.81722319148194,,,,0.215641695679924,5.81885448187001
2010-12-31,1.6210435282510945e-05,61.9359313840198,22.9132199065987,4.08750178984974,4.78018949206419,,,,0.239674287124409,6.0434831403432
2011-03-31,4.656122182790551e-05,61.8158329080448,22.7520484927065,4.08283232191651,4.77990911234316,,,,0.228074575651324,6.34130258933767
2011-06-30,0.0010684067772743406,61.5510637552286,22.8893945938661,4.10965660053902,4.76235045673983,,,,0.2292027009071,6.45833189271944
2011-09-30,0.0003718965167544288,62.2451136915126,22.2135432766033,4.11907914214665,4.66041240403438,,,,0.366071605932356,6.39577987977074
2011-12-31,0.0003690734335590724,62.5146439280514,21.7251103652476,4.09394807887633,4.62188079694987,,,,0.196253491055965,6.84816333981889
2012-03-31,0.0004079026816696205,61.8726400110631,21.7478295866898,4.25545715942588,4.73163114317936,,,,0.338050692637345,7.05439140700454
2012-06-30,0.0005925885463034885,62.1502827709439,21.8502522846078,4.19358968527898,4.62632884372613,,,,0.307287081449729,6.87225933399346
2012-09-30,0.001154347138308628,61.8049764580097,21.3475146862172,4.48085868669063,4.80236604142083,,,,0.343405695064437,7.22087843259721
2012-12-31,0.0013075261155050782,61.8442420601233,21.449406087907,4.31272471686822,4.72561568692161,,1.67321946434594,2.09445461391979,0.300814831321879,3.59952253859224
2013-03-31,0.009193293129363107,62.0793927374482,21.0205598346248,4.22714974765712,4.63859420666213,,1.79937310974119,2.19724462119645,0.345350530823456,3.69233521184666
2013-06-30,0.009926659857714806,62.037540522709,21.1393598580545,4.28875455617321,4.61064352718478,,1.80530204099438,2.31476412016977,0.342946525590416,3.460688849124
2013-09-30,0.012645610613391155,61.7421368672357,21.3126286694233,4.27258654391009,4.6997069587593,,1.80283604241885,2.31844056127716,0.348469499906138,3.5031948570694
2013-12-31,0.07895296638762331,61.7163815633297,21.4739711166451,4.08914763008468,4.78086828411831,,1.90163878804648,2.33856350206966,0.336588749631927,3.36284036607408
2014-03-31,0.048678111084613666,61.3171286741676,21.7754783250581,4.17773685368105,4.72027684034123,,1.88516901194059,2.29745698822554,0.339514631951662,3.48723867463426
2014-06-30,0.06904751700716953,61.3452564149478,21.591284412809,4.20931865095553,4.71929170677062,,1.90496036246258,2.3643605487586,0.342963361322714,3.52256454197321
2014-09-30,0.043745377827617046,62.3857244032257,20.6983968360408,4.11545490205611,4.68728615042315,,1.86118618725394,2.31661975693542,0.332487165545678,3.60284459851928
2014-12-31,0.03766853861097169,62.681866750902,20.4570063397365,4.08148179947288,4.71489443283316,,1.80218154275658,2.29744433947009,0.307137780917934,3.65798701391084
2015-03-31,0.029792089251862396,63.5494095855134,19.707371209207,4.14733279763199,4.76068834385825,,1.73051500648751,2.27140325104553,0.315243567993841,3.51803623826253
2015-06-30,0.032820342202182655,63.4720294,19.7346303,3.8500854,5.1236672,,1.8015736,2.2414706,0.3288569,3.4476866
2015-09-30,0.030992181515206836,64.2370836,19.5726043,3.7814728,5.0512023,,1.6287052,2.0853209,0.2826855,3.3609254
2015-12-31,0.05915686774814825,64.154037,19.4005537,3.8998703,5.1739613,,1.829566,2.0850402,0.2826473,3.1743241
2016-03-31,0.058437414603847715,63.9291976,19.7778506,3.828163,5.0138895,,1.8827546,2.0680573,0.2192488,3.2808386
2016-06-30,0.09639254632017366,64.0052962,19.4721547,4.2379071,4.8741854,,1.8552647,2.0639476,0.2027737,3.2884707
2016-09-30,0.08803227058172663,63.7928791,19.5422885,4.3148768,4.6889365,,1.9438542,2.0978865,0.1969855,3.422293
2016-12-31,0.1452176993533009,64.6799707,18.9277091,3.9813141,4.6653463,0.9972309,1.8701022,2.1311781,0.1752301,2.5719185
2017-03-31,0.1609445640843042,64.2195096,19.0098815,4.4569668,4.5689983,1.031083,1.9563485,2.0760686,0.1762265,2.5049171
2017-06-30,0.36921672846432124,63.514328,19.6875589,4.5377405,4.6864698,1.0400895,1.932564,2.090706,0.1767148,2.3338286
2017-09-30,0.6397492122899935,63.3104705,19.771857,4.4376137,4.7344992,1.0974784,1.9469712,2.1287479,0.1722118,2.4001504
2017-12-31,2.0316710251900996,62.7072968,19.7977191,4.777054,4.7383995,1.229718,1.9692428,2.1207818,0.1783507,2.4814372
2018-03-31,1.0116752647465925,62.8976097,19.9123199,4.5509796,4.7625773,1.460129,1.8563273,1.9247261,0.1676441,2.4676869
2018-06-30,0.954236302038291,62.6152141,19.5985523,4.9488834,4.5744251,1.9115272,1.8480988,1.9483521,0.1534022,2.4015448
2018-09-30,1.0013805643099922,62.3490399685773,19.7211876381046,5.05445021173859,4.53231660029944,1.87205809668787,1.83626607950513,1.99122171481791,0.148957953729214,2.49450173654001
2018-12-31,0.5638042450725825,62.0650228830416,20.0305283316089,5.09043824827092,4.51065926608886,1.95951157951522,1.73973294161817,1.84470153549411,0.133591650998063,2.62581356336408
2019-03-31,0.6218432859346266,62.2066180312068,19.5438203804079,5.41825723581121,4.58787273763345,1.98283390379703,1.79182481777985,1.96684580595833,0.128031652299165,2.37389543510631
2019-06-30,1.6579591575730892,61.7316705128468,19.8298730822905,5.63824261545876,4.53073704908933,1.97848021324259,1.81073854363856,1.9491788554011,0.128922838086986,2.40215628994542
2019-09-30,1.2715006120293173,62.0500700119326,19.5359605666266,5.71844687497869,4.51966307823698,2.00322568415245,1.78411712543133,1.91681929747976,0.135687085821192,2.33601027534042
2019-12-31,1.1128159107537672,61.3202550682034,19.8245887786098,5.82234717632673,4.67430408283664,2.0257803934342,1.83794324888231,1.89498739464266,0.141867128564908,2.45792672849937
2020-03-31,1.015005040197761,62.3212021900011,19.3291387242754,6.07161660256627,4.44366067256886,2.04107031907819,1.65050857965116,1.82805976420521,0.135848979808814,2.17889416784505
2020-06-30,1.4082135524733546,61.875305997393,19.4792482131464,5.73290738908688,4.52416400387715,2.09935522363852,1.81942097769368,1.95923533252454,0.144391801480502,2.36597106115926
2020-09-30,1.6267794505113948,61.0066337569416,19.8693542865485,5.82374655184524,4.5978481693677,2.1946008104725,1.87607662223341,2.06819092688726,0.158801646940901,2.40474722876286
2020-12-31,4.21229183244962,59.5282761516248,20.5583939113306,6.0374556303283,4.75989428484355,2.32256473532254,1.98084877918702,2.12437518552411,0.164469186754926,2.52372213508422
2021-03-31,8.72370865769348,60.0628702628749,19.7606440508144,5.83477229811387,4.74656405051008,2.52408322261994,1.9988725305169,2.19830771302443,0.15570594065816,2.71817993086734
2021-06-30,5.2653540271181045,59.8460288957343,19.8386658306809,5.5549527305409,4.7583225478778,2.64980314646918,1.99142410185545,2.3326402341795,0.187241874874571,2.84092063778746
2021-09-30,6.081403252943787,59.8714605550738,19.7752459126348,5.64127639525457,4.74118517167343,2.71344940265246,1.95653185907574,2.26535609779405,0.187110280699676,2.84838432514145
2021-12-31,6.90299423446478,59.4025304338252,19.8153821960483,5.5041200944612,4.88048726251867,2.85163846002599,2.00505886277357,2.43302287383323,0.1622087468745,2.94555106963941
2022-03-31,6.9155607249280395,59.4175033569336,19.1770801544189,5.60525989532471,4.90556812286377,2.84937262535095,2.06531095504761,2.55761694908142,0.240077540278435,3.18221020698547
2022-06-30,3.152493220568097,59.9951705932617,19.0010204315186,5.37294244766235,4.88692617416382,2.78056025505066,2.06404638290405,2.59747362136841,0.233059018850327,3.0688009262085
2022-09-30,3.234344161254263,60.4334411621094,18.8501777648926,5.12229681015015,4.75057029724121,2.61338138580322,2.18976640701294,2.57912635803223,0.219346597790718,3.24189305305481
2022-12-31,2.6800225021161306,58.9517669677734,19.7297306060791,5.44064235687256,5.04337692260742,2.5504949092865,2.23950481414795,2.48731350898743,0.219918146729469,3.33725166320801
2023-03-31,4.587789269073742,60.1231002807617,18.7499256134033,5.37544870376587,4.6345739364624,2.60709095001221,1.92138850688934,2.34924077987671,0.257557660341263,3.98167490959168
2023-06-30,4.91953855972762,59.8180694580078,18.9197483062744,5.47859287261963,4.69672155380249,2.47479271888733,1.8989382982254,2.46653175354004,0.194501668214798,4.05210590362549
2023-09-30,4.449039419803485,59.6898078918457,18.9005165100098,5.21624755859375,4.83104801177979,2.43515157699585,1.96841478347778,2.41992259025574,0.18927127122879,4.34961891174316
2023-12-31,6.721743754243691,58.9796180725098,19.2091884613037,5.4413800239563,4.78724718093872,2.33853340148926,2.08758854866028,2.51280570030212,0.199402883648872,4.44423580169678
2024-03-31,11.36120157449893,59.5113754272461,18.8723106384277,5.46329689025879,4.82227849960327,2.1372013092041,2.10727906227112,2.50166630744934,0.196636602282524,4.38795518875122
2024-06-30,10.036206280653818,58.8639640808106,18.8239688873291,5.5187029838562,4.77633476257324,2.07641768455505,2.18794274330139,2.65953969955444,0.197607830166817,4.89552021026611
2024-09-30,9.854528684070624,57.8441505432129,19.15159034729,5.65268325805664,4.85488557815552,2.11684799194336,2.23912620544434,2.75981760025024,0.19753597676754,5.18336153030396
2024-12-31,15.062132641526272,58.4082374572754,18.9102840423584,5.64029550552368,4.59764337539673,2.06520581245422,2.0361864566803,2.8432776927948,0.219250112771988,5.27962112426758
2025-03-31,13.1244033477112,58.3839225769043,19.109001159668,5.76114368438721,4.61062717437744,1.96417593955994,1.99325788021088,2.63718724250794,0.227734461426735,5.31295013427734
2025-06-30,16.480263038896464,56.9427337646484,20.2646656036377,5.66926527023315,4.7155385017395,1.97738122940064,2.06003737449646,2.63172364234924,0.21752367913723,5.52113342285156
2025-09-30,17.433088495100854,56.6023254394531,20.4868774414063,5.81188869476318,4.50954055786133,1.94664740562439,2.06034231185913,2.66763782501221,0.221894979476929,5.69284629821777
2025-12-31,13.323165403810947,56.4172706604004,20.3811206817627,5.84351682662964,4.40899515151978,1.95483195781708,2.02289247512817,2.49668121337891,0.228164255619049,6.24652671813965
2026-03-31,10.42193806924936,57.130786895752,20.030689239502,5.44155931472778,4.39880514144898,1.98504495620728,2.11199975013733,2.47686553001404,0.244429707527161,6.17981958389282
