Date,Close,AbsDays,LogClose
1959-01-01,286.6,-18265,2.4572761860613257
1959-02-01,287.7,-18234,2.458939861890326
1959-03-01,289.2,-18206,2.461198288622493
1959-04-01,290.1,-18175,2.4625477288026643
1959-05-01,292.2,-18145,2.465680211598278
1959-06-01,294.1,-18114,2.4684950245070696
1959-07-01,295.2,-18084,2.470116353151004
1959-08-01,296.4,-18053,2.4718781993072905
1959-09-01,296.7,-18022,2.472317546316842
1959-10-01,296.5,-17992,2.4720246977002813
1959-11-01,297.1,-17961,2.472902651803664
1959-12-01,297.8,-17931,2.473924693416157
1960-01-01,298.2,-17900,2.474507639116976
1960-02-01,298.4,-17869,2.474798818800631
1960-03-01,299.3,-17840,2.4761067168401913
1960-04-01,300.1,-17809,2.477265995424853
1960-05-01,300.9,-17779,2.4784221877400805
1960-06-01,302.3,-17748,2.480438147177817
1960-07-01,304.1,-17718,2.483016420144132
1960-08-01,306.9,-17687,2.4869968884318228
1960-09-01,308.4,-17656,2.4891143693789193
1960-10-01,309.5,-17626,2.490660653356137
1960-11-01,310.9,-17595,2.492620722043192
1960-12-01,312.4,-17565,2.494711025205263
1961-01-01,314.1,-17534,2.497067936398505
1961-02-01,316.5,-17503,2.500373714353374
1961-03-01,318.3,-17475,2.502836638621003
1961-04-01,319.9,-17444,2.505014240084107
1961-05-01,322.2,-17414,2.5081255360831993
1961-06-01,324.3,-17383,2.5109469486729727
1961-07-01,325.6,-17353,2.5126843962171637
1961-08-01,327.6,-17322,2.5153438930883807
1961-09-01,329.5,-17291,2.517855418930029
1961-10-01,331.1,-17261,2.5199591807520685
1961-11-01,333.4,-17230,2.5229655954919865
1961-12-01,335.5,-17200,2.525692524505011
1962-01-01,337.5,-17169,2.5282737771670436
1962-02-01,340.1,-17138,2.531606631932722
1962-03-01,343.1,-17110,2.5354207180561734
1962-04-01,345.5,-17079,2.5384480517102173
1962-05-01,347.5,-17049,2.540954808926133
1962-06-01,349.3,-17018,2.5431985856376467
1962-07-01,350.8,-16988,2.5450595846940027
1962-08-01,352.8,-16957,2.547528576459782
1962-09-01,354.9,-16926,2.550105999347593
1962-10-01,357.2,-16896,2.552911450216509
1962-11-01,359.8,-16865,2.556061159009533
1962-12-01,362.7,-16835,2.5595475555804343
1963-01-01,365.2,-16804,2.562530768862261
1963-02-01,367.9,-16773,2.565729787831127
1963-03-01,370.7,-16745,2.5690225860295635
1963-04-01,373.3,-16714,2.5720579899263045
1963-05-01,376.1,-16684,2.575303333422399
1963-06-01,378.4,-16653,2.5779511277297553
1963-07-01,381.1,-16623,2.5810389487721674
1963-08-01,383.6,-16592,2.583878598498626
1963-09-01,386.0,-16561,2.586587304671755
1963-10-01,388.3,-16531,2.5891673905460477
1963-11-01,391.5,-16500,2.592731766393962
1963-12-01,393.2,-16470,2.594613509160098
1964-01-01,395.2,-16439,2.5968169359155904
1964-02-01,397.6,-16408,2.5994463757252757
1964-03-01,399.8,-16379,2.601842789782098
1964-04-01,401.7,-16348,2.6039018317316716
1964-05-01,404.2,-16318,2.606596309179285
1964-06-01,407.1,-16287,2.6097011023793995
1964-07-01,410.1,-16257,2.612889769287485
1964-08-01,413.4,-16226,2.6163704722912695
1964-09-01,416.9,-16195,2.6200318951262975
1964-10-01,419.1,-16165,2.6223176608338443
1964-11-01,422.1,-16134,2.625415352154408
1964-12-01,424.8,-16104,2.6281845080734128
1965-01-01,427.5,-16073,2.6309361190641916
1965-02-01,430.4,-16042,2.6338722626583326
1965-03-01,433.2,-16014,2.636688447953283
1965-04-01,435.5,-15983,2.638988159343682
1965-05-01,437.1,-15953,2.6405808064896528
1965-06-01,440.1,-15922,2.643551368562945
1965-07-01,442.9,-15892,2.6463056802847587
1965-08-01,445.8,-15861,2.649140064144219
1965-09-01,449.5,-15830,2.6527296960692475
1965-10-01,452.6,-15800,2.65571454961871
1965-11-01,455.7,-15769,2.6586790285824486
1965-12-01,459.2,-15739,2.662001879389917
1966-01-01,462.0,-15708,2.6646419755561257
1966-02-01,464.6,-15677,2.6670792054642165
1966-03-01,467.2,-15649,2.669502834104343
1966-04-01,469.3,-15618,2.6714505542124947
1966-05-01,470.1,-15588,2.6721902511882525
1966-06-01,471.2,-15557,2.6732052817790453
1966-07-01,470.8,-15527,2.672836454171397
1966-08-01,472.6,-15496,2.6744937172963503
1966-09-01,475.4,-15465,2.6770591773921613
1966-10-01,475.7,-15435,2.677333151419902
1966-11-01,477.3,-15404,2.678791434366244
1966-12-01,480.2,-15374,2.6814221557210085
1967-01-01,481.6,-15343,2.682686478249768
1967-02-01,485.1,-15312,2.6858312746260635
1967-03-01,489.7,-15284,2.689930104018218
1967-04-01,492.1,-15253,2.6920533650340808
1967-05-01,497.2,-15223,2.696531119969607
1967-06-01,502.0,-15192,2.7007037171450192
1967-07-01,506.3,-15162,2.704407927386841
1967-08-01,510.8,-15131,2.708250888591378
1967-09-01,514.7,-15100,2.7115541682501694
1967-10-01,518.2,-15070,2.714497408649806
1967-11-01,521.2,-15039,2.7170044070405472
1967-12-01,524.8,-15009,2.719993826367604
1968-01-01,527.4,-14978,2.7221401254574156
1968-02-01,530.4,-14947,2.7246035153967165
1968-03-01,533.2,-14918,2.726890140741822
1968-04-01,535.7,-14887,2.7289216463728594
1968-05-01,538.9,-14857,2.7315081835960253
1968-06-01,542.6,-14826,2.7344797894255772
1968-07-01,545.6,-14796,2.7368743616484226
1968-08-01,549.4,-14765,2.739888655084543
1968-09-01,553.5,-14734,2.7431176252147416
1968-10-01,557.6,-14704,2.746322765089953
1968-11-01,562.4,-14673,2.7500453120117676
1968-12-01,566.9,-14643,2.75350645699097
1969-01-01,569.3,-14612,2.7553411838115474
1969-02-01,571.9,-14581,2.7573200965466724
1969-03-01,574.4,-14553,2.759214431234244
1969-04-01,575.7,-14522,2.760196229455134
1969-05-01,576.5,-14492,2.7607993116307177
1969-06-01,578.5,-14461,2.7623033632877685
1969-07-01,579.5,-14431,2.7630534402996147
1969-08-01,580.1,-14400,2.763502865467597
1969-09-01,582.1,-14369,2.7649975992848805
1969-10-01,583.4,-14339,2.765966424785714
1969-11-01,585.4,-14308,2.7674527180977733
1969-12-01,587.9,-14278,2.769303460189082
1970-01-01,589.6,-14247,2.770557474850995
1970-02-01,586.3,-14216,2.7681198941847973
1970-03-01,587.3,-14188,2.768860000842957
1970-04-01,588.4,-14157,2.7696726640554923
1970-05-01,591.5,-14127,2.771954748963949
1970-06-01,595.2,-14096,2.7746629225378223
1970-07-01,599.1,-14066,2.777499319590365
1970-08-01,604.9,-14035,2.7816835845073506
1970-09-01,611.2,-14004,2.7861833455676335
1970-10-01,616.4,-13974,2.7898626300463816
1970-11-01,621.1,-13943,2.793161529245551
1970-12-01,626.6,-13913,2.7969903905456865
1971-01-01,633.0,-13882,2.801403710017355
1971-02-01,641.0,-13851,2.8068580295188172
1971-03-01,649.9,-13823,2.812846536967071
1971-04-01,658.4,-13792,2.8184898222042136
1971-05-01,666.7,-13762,2.8239304551255637
1971-06-01,673.0,-13731,2.828015064223977
1971-07-01,679.6,-13701,2.832253370197008
1971-08-01,685.5,-13670,2.8360074591255313
1971-09-01,692.5,-13639,2.840419777736486
1971-10-01,698.4,-13609,2.8441042306975133
1971-11-01,704.6,-13578,2.8479426388452236
1971-12-01,710.3,-13548,2.851441814672055
1972-01-01,717.7,-13517,2.8559429462323163
1972-02-01,725.7,-13486,2.8607571230815423
1972-03-01,733.5,-13457,2.8654001181793016
1972-04-01,738.4,-13426,2.8682916880178557
1972-05-01,743.3,-13396,2.8711641328029494
1972-06-01,749.7,-13365,2.8748875108461123
1972-07-01,759.5,-13335,2.8805277781988052
1972-08-01,768.7,-13304,2.8857568810692675
1972-09-01,778.3,-13273,2.891147030448771
1972-10-01,786.9,-13243,2.895919545310016
1972-11-01,793.9,-13212,2.899765801944386
1972-12-01,802.3,-13182,2.904336792202495
1973-01-01,810.3,-13151,2.9086458389071135
1973-02-01,814.1,-13120,2.9106777547427054
1973-03-01,815.3,-13092,2.9113174423240307
1973-04-01,819.7,-13061,2.91365493508662
1973-05-01,826.8,-13031,2.9174004679552508
1973-06-01,833.2,-13000,2.9207492612757084
1973-07-01,836.5,-12970,2.922465945298413
1973-08-01,838.8,-12939,2.923658421793306
1973-09-01,839.3,-12908,2.9239172231131056
1973-10-01,842.6,-12878,2.925621454790829
1973-11-01,848.9,-12847,2.928856533581911
1973-12-01,855.5,-12817,2.932220013877119
1974-01-01,859.7,-12786,2.9343469267382556
1974-02-01,864.2,-12755,2.9366142619752114
1974-03-01,870.1,-12727,2.939569168655902
1974-04-01,872.9,-12696,2.9409644934927996
1974-05-01,874.6,-12666,2.941809473008838
1974-06-01,877.8,-12635,2.9433955765089546
1974-07-01,881.4,-12605,2.9451730461739003
1974-08-01,884.1,-12574,2.9465013905695874
1974-09-01,887.9,-12543,2.9483640559883693
1974-10-01,893.3,-12513,2.950997333988805
1974-11-01,898.6,-12482,2.9535664142570064
1974-12-01,902.1,-12452,2.95525468282018
1975-01-01,906.3,-12421,2.957271979992943
1975-02-01,914.1,-12390,2.960993708942336
1975-03-01,925.0,-12362,2.9661417327390325
1975-04-01,935.1,-12331,2.9708580569965024
1975-05-01,947.9,-12301,2.976762523267461
1975-06-01,963.0,-12270,2.9836262871245345
1975-07-01,975.1,-12240,2.9890491564382202
1975-08-01,983.1,-12209,2.992597696102038
1975-09-01,991.5,-12178,2.9962927185413215
1975-10-01,997.8,-12148,2.9990434996031627
1975-11-01,1007.0,-12117,3.003029470553618
1975-12-01,1016.3,-12087,3.0070219255786808
1976-01-01,1026.7,-12056,3.0114435620220745
1976-02-01,1040.3,-12025,3.0171585984878146
1976-03-01,1049.9,-11996,3.0211479357209945
1976-04-01,1060.8,-11965,3.0256335110606978
1976-05-01,1072.1,-11935,3.0302352960122447
1976-06-01,1077.6,-11904,3.032457582714929
1976-07-01,1086.3,-11874,3.035949779536674
1976-08-01,1098.7,-11843,3.040879124515787
1976-09-01,1110.8,-11812,3.04563587107822
1976-10-01,1125.0,-11782,3.0511525224473814
1976-11-01,1138.3,-11751,3.056256735850139
1976-12-01,1152.1,-11721,3.0614901766248153
1977-01-01,1165.2,-11690,3.06640047595563
1977-02-01,1177.5,-11659,3.0709609158009337
1977-03-01,1188.4,-11631,3.0749626431316264
1977-04-01,1199.6,-11600,3.0790364570874895
1977-05-01,1209.0,-11570,3.0824263008607717
1977-06-01,1217.8,-11539,3.0855759697185037
1977-07-01,1226.8,-11509,3.088773767310448
1977-08-01,1237.1,-11478,3.0924048068990078
1977-09-01,1246.3,-11447,3.0956225950216223
1977-10-01,1254.0,-11417,3.0982975364946976
1977-11-01,1262.4,-11386,3.101196985865345
1977-12-01,1270.4,-11356,3.103940485083021
1978-01-01,1279.7,-11325,3.107108169948554
1978-02-01,1285.4,-11294,3.1090382955743814
1978-03-01,1292.1,-11266,3.1112961264822623
1978-04-01,1300.3,-11235,3.1140435625480776
1978-05-01,1310.5,-11205,3.1174370252826193
1978-06-01,1318.5,-11174,3.120080134129453
1978-07-01,1324.2,-11144,3.1219535835452987
1978-08-01,1333.5,-11113,3.124993020025895
1978-09-01,1345.1,-11082,3.128754572690689
1978-10-01,1352.4,-11052,3.1311051620937316
1978-11-01,1359.2,-11021,3.133283365860989
1978-12-01,1366.1,-10991,3.1354824913357113
1979-01-01,1371.6,-10960,3.1372274764429067
1979-02-01,1377.7,-10929,3.139154658406904
1979-03-01,1387.7,-10901,3.1422955882897634
1979-04-01,1402.1,-10870,3.146778989307833
1979-05-01,1410.2,-10840,3.149280710341024
1979-06-01,1423.0,-10809,3.153204900084284
1979-07-01,1434.8,-10779,3.156791368003929
1979-08-01,1446.6,-10748,3.160348460761097
1979-09-01,1454.2,-10717,3.1626241403078463
1979-10-01,1460.4,-10687,3.16447182427769
1979-11-01,1465.9,-10656,3.1661043448416164
1979-12-01,1473.9,-10626,3.168468018854484
1980-01-01,1482.7,-10595,3.171053287559376
1980-02-01,1494.4,-10564,3.174466858886018
1980-03-01,1499.7,-10535,3.1760043914722527
1980-04-01,1502.2,-10504,3.1767277576441892
1980-05-01,1512.4,-10474,3.179666668690498
1980-06-01,1529.2,-10443,3.1844642893469906
1980-07-01,1545.5,-10413,3.189069009399324
1980-08-01,1561.5,-10382,3.1935419885662175
1980-09-01,1574.0,-10351,3.1970047280230456
1980-10-01,1584.7,-10321,3.1999470579252187
1980-11-01,1595.7,-10290,3.202951245040243
1980-12-01,1599.9,-10260,3.204092838402539
1981-01-01,1607.0,-10229,3.2060158767633444
1981-02-01,1618.6,-10198,3.2091395360565333
1981-03-01,1636.5,-10170,3.213916009644023
1981-04-01,1659.2,-10139,3.219898739044966
1981-05-01,1664.3,-10109,3.221231613181412
1981-06-01,1670.4,-10078,3.2228204813221684
1981-07-01,1681.9,-10048,3.2258001705705452
1981-08-01,1694.3,-10017,3.228990310840724
1981-09-01,1706.0,-9986,3.231979026831504
1981-10-01,1721.7,-9956,3.2359574794666206
1981-11-01,1736.0,-9925,3.239549720840473
1981-12-01,1755.5,-9895,3.24440083380137
1982-01-01,1770.4,-9864,3.2480714009192018
1982-02-01,1774.4,-9833,3.2490515288050847
1982-03-01,1786.4,-9805,3.2519787100633817
1982-04-01,1804.0,-9774,3.256236533205923
1982-05-01,1815.7,-9744,3.2590440935752323
1982-06-01,1826.2,-9713,3.261548338444689
1982-07-01,1831.6,-9683,3.2628306348556597
1982-08-01,1845.1,-9652,3.2660199088534982
1982-09-01,1858.3,-9621,3.2691158268951193
1982-10-01,1869.4,-9591,3.2717022383537007
1982-11-01,1883.4,-9560,3.274942566083686
1982-12-01,1905.9,-9530,3.2801001100549243
1983-01-01,1959.4,-9499,3.2921231037128686
1983-02-01,1996.7,-9468,3.30031281793437
1983-03-01,2015.2,-9440,3.3043181544900566
1983-04-01,2028.9,-9409,3.307260642145005
1983-05-01,2043.6,-9379,3.310395894010226
1983-06-01,2053.8,-9348,3.3125581495215206
1983-07-01,2064.9,-9318,3.3148990242733958
1983-08-01,2073.9,-9287,3.316787811602096
1983-09-01,2083.0,-9256,3.318689269947746
1983-10-01,2098.8,-9226,3.3219710555263013
1983-11-01,2111.9,-9195,3.3246733501892454
1983-12-01,2123.4,-9165,3.3270318130211587
1984-01-01,2138.0,-9134,3.330007700872759
1984-02-01,2158.2,-9103,3.3340916882021547
1984-03-01,2175.3,-9074,3.337519159846975
1984-04-01,2192.1,-9043,3.3408603620648796
1984-05-01,2204.8,-9013,3.343369200227532
1984-06-01,2215.6,-8982,3.345491356474646
1984-07-01,2223.6,-8952,3.3470566653665226
1984-08-01,2230.2,-8921,3.3483438114793693
1984-09-01,2244.2,-8890,3.351061558032383
1984-10-01,2258.4,-8860,3.353800865138863
1984-11-01,2280.9,-8829,3.358106245206416
1984-12-01,2306.3,-8799,3.3629157989995946
1985-01-01,2332.1,-8768,3.367747168950207
1985-02-01,2353.9,-8737,3.3717880089022003
1985-03-01,2366.3,-8709,3.374069803726075
1985-04-01,2375.8,-8678,3.375809877995914
1985-05-01,2390.4,-8648,3.3784705801353048
1985-06-01,2413.3,-8617,3.38261131289349
1985-07-01,2429.6,-8587,3.3855347789102086
1985-08-01,2443.9,-8556,3.3880834313836483
1985-09-01,2456.2,-8525,3.3902637270293794
1985-10-01,2467.6,-8495,3.3922747615719415
1985-11-01,2477.3,-8464,3.3939786026517718
1985-12-01,2492.0,-8434,3.396548037987132
1986-01-01,2501.6,-8403,3.3982178682348767
1986-02-01,2512.5,-8372,3.4001060704285453
1986-03-01,2533.1,-8344,3.4036523349113295
1986-04-01,2558.1,-8313,3.4079175177029626
1986-05-01,2585.7,-8283,3.4125781354312723
1986-06-01,2605.7,-8252,3.415924412971165
1986-07-01,2626.6,-8222,3.419393939927422
1986-08-01,2646.5,-8191,3.4226718983272866
1986-09-01,2667.9,-8160,3.426169547035326
1986-10-01,2687.1,-8130,3.429283828934125
1986-11-01,2701.0,-8099,3.431524584187451
1986-12-01,2728.0,-8069,3.4358443659844413
1987-01-01,2743.3,-8038,3.4382733034923594
1987-02-01,2747.0,-8007,3.438858659420562
1987-03-01,2753.5,-7979,3.439885080817301
1987-04-01,2767.8,-7948,3.4421347049919104
1987-05-01,2773.7,-7918,3.4430594865172837
1987-06-01,2775.3,-7887,3.4433099356757997
1987-07-01,2779.0,-7857,3.443888546777372
1987-08-01,2788.3,-7826,3.4453394987427934
1987-09-01,2799.6,-7795,3.4470959848413774
1987-10-01,2814.7,-7765,3.449432113117168
1987-11-01,2818.9,-7734,3.4500796696216884
1987-12-01,2826.7,-7704,3.451279718904047
1988-01-01,2846.9,-7673,3.4543722124188445
1988-02-01,2869.6,-7642,3.45782136366791
1988-03-01,2890.2,-7613,3.4609278966980774
1988-04-01,2910.4,-7582,3.4639526817194084
1988-05-01,2926.6,-7552,3.4663633682609643
1988-06-01,2939.0,-7521,3.4681995860726125
1988-07-01,2947.2,-7491,3.469409608516755
1988-08-01,2952.1,-7460,3.470131064774518
1988-09-01,2957.2,-7429,3.47088069752548
1988-10-01,2965.4,-7399,3.4720832832233572
1988-11-01,2980.3,-7368,3.4742599827966822
1988-12-01,2988.8,-7338,3.4754968545499993
1989-01-01,2991.2,-7307,3.4758454521461633
1989-02-01,2991.2,-7276,3.4758454521461633
1989-03-01,2998.9,-7248,3.476961984208253
1989-04-01,3005.5,-7217,3.4779167323046356
1989-05-01,3012.1,-7187,3.4788693860968123
1989-06-01,3028.6,-7156,3.4812419180129224
1989-07-01,3052.5,-7126,3.48465567261692
1989-08-01,3074.6,-7095,3.487788622845595
1989-09-01,3092.9,-7064,3.4903658785708265
1989-10-01,3114.3,-7034,3.4933604457623013
1989-11-01,3133.6,-7003,3.4960435585398093
1989-12-01,3153.4,-6973,3.4987790632865936
1990-01-01,3166.3,-6942,3.50055206092814
1990-02-01,3178.2,-6911,3.5021812233192415
1990-03-01,3189.2,-6883,3.5036817554213195
1990-04-01,3201.2,-6852,3.505312808221921
1990-05-01,3201.3,-6822,3.5053263746251053
1990-06-01,3214.6,-6791,3.5071269403705476
1990-07-01,3224.7,-6761,3.5084893176054353
1990-08-01,3242.1,-6730,3.5108264061875145
1990-09-01,3254.7,-6699,3.5125109639183396
1990-10-01,3259.2,-6669,3.513111011656089
1990-11-01,3262.8,-6638,3.513590453635125
1990-12-01,3272.5,-6608,3.5148796552227934
1991-01-01,3287.4,-6577,3.5168525508183532
1991-02-01,3303.6,-6546,3.518987457440955
1991-03-01,3321.0,-6518,3.5212688755983854
1991-04-01,3331.9,-6487,3.5226919584910807
1991-05-01,3343.6,-6457,3.5242143165590214
1991-06-01,3352.8,-6426,3.525407647825788
1991-07-01,3356.2,-6396,3.5258478330590215
1991-08-01,3355.0,-6365,3.525692524505011
1991-09-01,3355.0,-6334,3.525692524505011
1991-10-01,3360.0,-6304,3.526339277389844
1991-11-01,3365.8,-6273,3.5270883060910942
1991-12-01,3373.0,-6243,3.5280163411892014
1992-01-01,3380.9,-6212,3.5290323254269755
1992-02-01,3399.3,-6181,3.53138949426685
1992-03-01,3403.1,-6152,3.531874711014733
1992-04-01,3399.2,-6121,3.531376718081458
1992-05-01,3399.1,-6091,3.531363941520202
1992-06-01,3394.0,-6060,3.530711837981657
1992-07-01,3393.9,-6030,3.530699041844945
1992-08-01,3398.7,-5999,3.531312831516094
1992-09-01,3410.4,-5968,3.532805319639076
1992-10-01,3423.9,-5938,3.5345210719857247
1992-11-01,3426.9,-5907,3.534901431514244
1992-12-01,3425.3,-5877,3.5346986145551145
1993-01-01,3418.9,-5846,3.5338863982276205
1993-02-01,3413.8,-5815,3.5332380740602973
1993-03-01,3410.9,-5787,3.532868987045975
1993-04-01,3410.7,-5756,3.5328435212032385
1993-05-01,3437.5,-5726,3.536242706838319
1993-06-01,3442.7,-5695,3.536899179538502
1993-07-01,3441.9,-5665,3.5367982483044185
1993-08-01,3445.6,-5634,3.537264858754544
1993-09-01,3452.6,-5603,3.5381462661990386
1993-10-01,3456.9,-5573,3.538686816604501
1993-11-01,3470.7,-5542,3.5404170757931825
1993-12-01,3475.0,-5512,3.540954808926133
1994-01-01,3474.8,-5481,3.540929812840949
1994-02-01,3475.1,-5450,3.5409673064292457
1994-03-01,3479.2,-5422,3.5414793946572796
1994-04-01,3480.5,-5391,3.541641638096807
1994-05-01,3491.4,-5361,3.5429996075770545
1994-06-01,3479.8,-5330,3.5415542837763447
1994-07-01,3488.1,-5300,3.5425889271853137
1994-08-01,3485.6,-5269,3.5422775469276977
1994-09-01,3486.7,-5238,3.54241458174664
1994-10-01,3484.8,-5208,3.542177858075681
1994-11-01,3487.8,-5177,3.542551573340032
1994-12-01,3486.7,-5147,3.54241458174664
1995-01-01,3492.2,-5116,3.5430991080029215
1995-02-01,3489.2,-5085,3.542725863803791
1995-03-01,3489.9,-5057,3.5428129828129333
1995-04-01,3498.2,-5026,3.5438446354495112
1995-05-01,3525.1,-4996,3.5471714415634974
1995-06-01,3549.4,-4965,3.5501549449671534
1995-07-01,3567.5,-4935,3.5523639817866846
1995-08-01,3588.9,-4904,3.554961357454656
1995-09-01,3602.9,-4873,3.5566522082644263
1995-10-01,3614.1,-4843,3.5580001650614794
1995-11-01,3620.4,-4812,3.558756556222613
1995-12-01,3629.8,-4782,3.5598826963062846
1996-01-01,3647.4,-4751,3.561983393768085
1996-02-01,3660.8,-4720,3.5635760027769114
1996-03-01,3685.4,-4691,3.566484631507165
1996-04-01,3696.4,-4660,3.5677789615721833
1996-05-01,3710.7,-4630,3.569455844240683
1996-06-01,3723.3,-4599,3.570928030334837
1996-07-01,3737.5,-4569,3.5725812013324862
1996-08-01,3744.1,-4538,3.5733474396569367
1996-09-01,3754.2,-4507,3.574517405361165
1996-10-01,3773.4,-4477,3.576732845112191
1996-11-01,3795.5,-4446,3.5792689957617716
1996-12-01,3818.7,-4416,3.581915541205941
1997-01-01,3834.0,-4385,3.5836521085420436
1997-02-01,3845.0,-4354,3.5848963441374497
1997-03-01,3859.5,-4326,3.5865310452660277
1997-04-01,3875.8,-4295,3.588361358384559
1997-05-01,3890.5,-4265,3.59000541965133
1997-06-01,3907.1,-4234,3.591854526887034
1997-07-01,3924.9,-4204,3.5938285961127514
1997-08-01,3957.7,-4173,3.597442870900575
1997-09-01,3973.7,-4142,3.5991950763463687
1997-10-01,3992.7,-4112,3.601266679781316
1997-11-01,4015.0,-4081,3.6036855496146996
1997-12-01,4033.0,-4051,3.605628222007619
1998-01-01,4055.2,-4020,3.6080122782153454
1998-02-01,4087.3,-3989,3.6114365152655443
1998-03-01,4112.4,-3961,3.6140953504774918
1998-04-01,4138.9,-3930,3.6168849335346485
1998-05-01,4165.9,-3900,3.619708840751085
1998-06-01,4185.6,-3869,3.6217577223081543
1998-07-01,4205.4,-3839,3.6238073103671877
1998-08-01,4229.3,-3808,3.6262684923645745
1998-09-01,4268.3,-3777,3.630254936470747
1998-10-01,4308.2,-3747,3.6342958563901546
1998-11-01,4346.8,-3716,3.638169658388542
1998-12-01,4375.5,-3686,3.641027688177414
1999-01-01,4401.7,-3655,3.643620439674757
1999-02-01,4423.7,-3624,3.6457856669489197
1999-03-01,4430.1,-3596,3.6464135295995987
1999-04-01,4459.9,-3565,3.6493251210585376
1999-05-01,4487.9,-3535,3.652043171347027
1999-06-01,4510.1,-3504,3.654186171360603
1999-07-01,4537.6,-3474,3.6568262091669537
1999-08-01,4553.6,-3443,3.6583548784041904
1999-09-01,4569.5,-3412,3.6598686816626795
1999-10-01,4592.9,-3382,3.6620869897416823
1999-11-01,4611.9,-3351,3.663879881901276
1999-12-01,4639.1,-3321,3.6664337342303583
2000-01-01,4666.1,-3290,3.668954041997986
2000-02-01,4678.7,-3259,3.670125198959748
2000-03-01,4709.1,-3230,3.6729379129925346
2000-04-01,4766.4,-3199,3.678190485870968
2000-05-01,4757.5,-3169,3.677378796959058
2000-06-01,4775.8,-3138,3.679046131204419
2000-07-01,4793.4,-3108,3.6806436715422475
2000-08-01,4820.4,-3077,3.683083077779296
2000-09-01,4855.9,-3046,3.686269734513789
2000-10-01,4871.4,-3016,3.687653791789059
2000-11-01,4882.6,-2985,3.6886511467890677
2000-12-01,4927.3,-2955,3.692609005217505
2001-01-01,4976.8,-2924,3.6969501883346134
2001-02-01,5014.9,-2893,3.700262277360187
2001-03-01,5072.2,-2865,3.705196369712775
2001-04-01,5137.9,-2834,3.7107856472501353
2001-05-01,5139.1,-2804,3.710887068556091
2001-06-01,5182.3,-2773,3.7145225504046
2001-07-01,5212.0,-2743,3.7170044070405472
2001-08-01,5244.4,-2712,3.7196958087174568
2001-09-01,5355.9,-2681,3.7288324597041194
2001-10-01,5344.0,-2651,3.727866449467489
2001-11-01,5387.5,-2620,3.731387283168788
2001-12-01,5440.1,-2590,3.7356068829792513
2002-01-01,5459.6,-2559,3.737160825093682
2002-02-01,5488.4,-2528,3.7394457556619325
2002-03-01,5499.8,-2500,3.7403468966804856
2002-04-01,5501.3,-2469,3.740465328787619
2002-05-01,5530.1,-2439,3.7427329846601274
2002-06-01,5555.3,-2408,3.7447075168910287
2002-07-01,5597.6,-2378,3.7480018609040844
2002-08-01,5638.5,-2347,3.7511635847694937
2002-09-01,5662.9,-2316,3.7530388925762654
2002-10-01,5707.3,-2286,3.756430701516937
2002-11-01,5758.0,-2255,3.760271660542063
2002-12-01,5779.0,-2225,3.7618526944663833
2003-01-01,5811.1,-2194,3.7642583490361767
2003-02-01,5846.8,-2163,3.7669182382905175
2003-03-01,5866.3,-2135,3.768364268841102
2003-04-01,5904.9,-2104,3.7712125471966242
2003-05-01,5967.0,-2074,3.775756037844098
2003-06-01,6003.9,-2043,3.778433450091908
2003-07-01,6050.4,-2013,3.781784087388052
2003-08-01,6107.0,-1982,3.7858279199958655
2003-09-01,6080.0,-1951,3.783903579272735
2003-10-01,6070.2,-1921,3.7832030003776396
2003-11-01,6075.5,-1890,3.7835820252012704
2003-12-01,6073.5,-1860,3.783439035824095
2004-01-01,6081.3,-1829,3.7839964283643
2004-02-01,6120.7,-1798,3.786801093510379
2004-03-01,6156.3,-1769,3.7893197750921908
2004-04-01,6198.5,-1738,3.7922866055403506
2004-05-01,6277.2,-1708,3.797765966075061
2004-06-01,6279.3,-1677,3.7979112324184685
2004-07-01,6292.3,-1647,3.7988094204418124
2004-08-01,6317.7,-1616,3.8005589993092483
2004-09-01,6352.3,-1585,3.8029310003239454
2004-10-01,6379.9,-1555,3.8048138715442734
2004-11-01,6406.3,-1524,3.806607272338089
2004-12-01,6424.3,-1494,3.8078258132952882
2005-01-01,6429.9,-1463,3.8082042186806913
2005-02-01,6437.7,-1432,3.8087307344837553
2005-03-01,6446.6,-1404,3.8093307238512346
2005-04-01,6461.4,-1373,3.8103266273450065
2005-05-01,6480.6,-1343,3.811615216461049
2005-06-01,6513.2,-1312,3.8137944142039895
2005-07-01,6545.1,-1282,3.815916286351468
2005-08-01,6576.7,-1251,3.818008031715404
2005-09-01,6610.2,-1220,3.8202145998157997
2005-10-01,6644.0,-1190,3.8224296237793567
2005-11-01,6660.6,-1159,3.8235133530369914
2005-12-01,6687.4,-1129,3.8252573008576363
2006-01-01,6728.4,-1098,3.827911802146119
2006-02-01,6753.1,-1067,3.8295031808066087
2006-03-01,6766.9,-1039,3.830389758607145
2006-04-01,6806.3,-1008,3.8329110874975485
2006-05-01,6815.7,-978,3.8335104662639377
2006-06-01,6854.0,-947,3.835944100093848
2006-07-01,6896.1,-917,3.838603550544804
2006-08-01,6926.4,-886,3.8405075684690813
2006-09-01,6952.8,-855,3.842159736915368
2006-10-01,7002.1,-825,3.845228308819484
2006-11-01,7037.3,-794,3.8474060653896855
2006-12-01,7079.3,-764,3.84999031684699
2007-01-01,7115.6,-733,3.852211526444574
2007-02-01,7131.9,-702,3.853205245082024
2007-03-01,7164.7,-674,3.855198010354822
2007-04-01,7239.9,-643,3.859732567613152
2007-05-01,7257.1,-613,3.860763107530897
2007-06-01,7290.6,-582,3.862763271248895
2007-07-01,7321.8,-552,3.8646178616552262
2007-08-01,7397.0,-521,3.869055618701908
2007-09-01,7413.8,-490,3.8700408660113284
2007-10-01,7429.0,-460,3.8709303583486956
2007-11-01,7454.0,-429,3.8723893884178207
2007-12-01,7482.7,-399,3.8740583336292453
2008-01-01,7513.6,-368,3.8758480708954828
2008-02-01,7600.3,-337,3.8808307351456808
2008-03-01,7664.9,-308,3.8845064932110738
2008-04-01,7711.4,-277,3.8871332311092184
2008-05-01,7728.3,-247,3.888083972338046
2008-06-01,7747.3,-216,3.889150373550556
2008-07-01,7794.9,-186,3.891810548039708
2008-08-01,7808.8,-155,3.892584299764653
2008-09-01,7873.6,-124,3.896173347690006
2008-10-01,7976.3,-94,3.9018014800446195
2008-11-01,8027.8,-63,3.9045965441868544
2008-12-01,8203.0,-33,3.9139727115509713
2009-01-01,8284.2,-2,3.9182505752344383
2009-02-01,8314.7,29,3.9198465841995564
2009-03-01,8380.5,57,3.9232699304158456
2009-04-01,8390.2,88,3.923772313374723
2009-05-01,8452.9,118,3.9270057311896482
2009-06-01,8462.9,149,3.9275192091599425
2009-07-01,8467.3,179,3.9277449472803894
2009-08-01,8466.2,210,3.927688523749428
2009-09-01,8462.7,241,3.9275089455478533
2009-10-01,8489.2,271,3.9288667653964002
2009-11-01,8517.9,302,3.930332537157885
2009-12-01,8510.6,332,3.9299601790626792
2010-01-01,8473.1,363,3.92804233200489
2010-02-01,8523.4,394,3.930612870199778
2010-03-01,8519.0,422,3.9303886182443217
2010-04-01,8554.3,453,3.9321844769308383
2010-05-01,8612.0,483,3.9351040211514494
2010-06-01,8631.0,514,3.9360611166099884
2010-07-01,8642.3,544,3.936629337893193
2010-08-01,8690.5,575,3.93904476390484
2010-09-01,8719.6,606,3.940496562710407
2010-10-01,8769.8,636,3.9429896891600196
2010-11-01,8790.3,667,3.944003697158103
2010-12-01,8822.0,697,3.9455670534423883
2011-01-01,8844.5,728,3.9466732862701903
2011-02-01,8909.9,759,3.9498728297729127
2011-03-01,8967.7,787,3.9526810712055784
2011-04-01,9033.6,818,3.9558608564668254
2011-05-01,9109.4,848,3.9594897726622924
2011-06-01,9184.2,879,3.963041332583366
2011-07-01,9346.9,909,3.9706675963132874
2011-08-01,9532.5,940,3.979206813945708
2011-09-01,9553.3,971,3.980153416005866
2011-10-01,9586.2,1001,3.9816464855769347
2011-11-01,9639.5,1032,3.9840545076712375
2011-12-01,9683.5,1062,3.986032356890413
2012-01-01,9753.3,1093,3.989151582807073
2012-02-01,9806.3,1124,3.99150517530131
2012-03-01,9849.3,1153,3.993405365833643
2012-04-01,9905.0,1184,3.995854479874566
2012-05-01,9951.9,1214,3.9979060034333203
2012-06-01,10023.7,1245,4.001028060151471
2012-07-01,10076.0,1275,4.003288158826075
2012-08-01,10147.8,1306,4.006371899252066
2012-09-01,10228.4,1337,4.009807703554136
2012-10-01,10294.4,1367,4.012601039221876
2012-11-01,10365.6,1398,4.015594445759104
2012-12-01,10485.4,1428,4.0205850027059125
2013-01-01,10502.3,1459,4.021284419824557
2013-02-01,10523.0,1490,4.022139570398392
2013-03-01,10578.7,1518,4.024432301204327
2013-04-01,10608.9,1549,4.025670355749031
2013-05-01,10646.5,1579,4.027206858430935
2013-06-01,10705.6,1610,4.029611012535356
2013-07-01,10743.0,1640,4.031125575731565
2013-08-01,10803.6,1671,4.03356849619214
2013-09-01,10865.8,1702,4.036061706983754
2013-10-01,10989.2,1732,4.040966077479755
2013-11-01,10999.8,1763,4.041384788823133
2013-12-01,11062.4,1793,4.043849357862313
2014-01-01,11127.5,1824,4.04639760295456
2014-02-01,11191.9,1855,4.048903821065418
2014-03-01,11228.8,1883,4.050333346535312
2014-04-01,11276.0,1914,4.052155067199565
2014-05-01,11343.1,1944,4.054731760809761
2014-06-01,11398.4,1975,4.05684389344713
2014-07-01,11452.5,2005,4.058900300448121
2014-08-01,11477.8,2036,4.059858652920686
2014-09-01,11520.7,2067,4.061478867707107
2014-10-01,11596.5,2097,4.0643269323262485
2014-11-01,11638.9,2128,4.065911936799748
2014-12-01,11721.2,2158,4.068972076417558
2015-01-01,11806.2,2189,4.0721101360053416
2015-02-01,11920.7,2220,4.0763017585259735
2015-03-01,11919.1,2248,4.076243463475504
2015-04-01,11953.4,2279,4.077491452666406
2015-05-01,11981.9,2309,4.078525690681702
2015-06-01,12020.9,2340,4.079936984339049
2015-07-01,12063.5,2370,4.08147332854717
2015-08-01,12110.1,2401,4.083147729374999
2015-09-01,12172.7,2432,4.085386918825475
2015-10-01,12228.4,2462,4.087369636379821
2015-11-01,12322.7,2493,4.090705875574297
2015-12-01,12393.6,2523,4.093197475305988
2016-01-01,12522.2,2554,4.097680635897168
2016-02-01,12604.4,2585,4.100522177034195
2016-03-01,12662.2,2614,4.102509168939868
2016-04-01,12741.9,2645,4.105234192362833
2016-05-01,12800.7,2675,4.107233719477944
2016-06-01,12849.3,2706,4.108879468957745
2016-07-01,12907.3,2736,4.110835404331747
2016-08-01,12986.7,2767,4.113498808204381
2016-09-01,13052.7,2798,4.115700356411076
2016-10-01,13124.5,2828,4.118082767211161
2016-11-01,13214.2,2859,4.121040875670351
2016-12-01,13240.6,2889,4.121907665676567
2017-01-01,13318.9,2920,4.124468358193365
2017-02-01,13395.2,2951,4.126949202322574
2017-03-01,13464.6,2979,4.1291934561230885
2017-04-01,13520.3,3010,4.130986328210579
2017-05-01,13567.4,3040,4.132496629248511
2017-06-01,13577.0,3071,4.1328038180019995
2017-07-01,13638.5,3101,4.1347666080370855
2017-08-01,13695.0,3132,4.1365620365899805
2017-09-01,13743.0,3163,4.138081546495746
2017-10-01,13801.5,3193,4.139926289757829
2017-11-01,13849.1,3224,4.141421551181417
2017-12-01,13887.3,3254,4.142617817437901
2018-01-01,13902.4,3285,4.143089779878815
2018-02-01,13949.8,3316,4.1445679811207965
2018-03-01,14014.5,3344,4.146577607903332
2018-04-01,14034.8,3375,4.147206228191315
2018-05-01,14091.0,3405,4.148941814902911
2018-06-01,14133.2,3436,4.15024050473599
2018-07-01,14170.0,3466,4.151369850247461
2018-08-01,14221.3,3497,4.152939298012652
2018-09-01,14243.9,3528,4.153628916027164
2018-10-01,14257.6,3558,4.154046426323837
2018-11-01,14288.4,3589,4.154983599674451
2018-12-01,14392.0,3619,4.158121150337495
2019-01-01,14460.2,3650,4.160174299756278
2019-02-01,14506.6,3681,4.161565636127263
2019-03-01,14559.5,3709,4.1631464607620785
2019-04-01,14594.0,3740,4.164174341916649
2019-05-01,14703.2,3770,4.167411864754949
2019-06-01,14798.8,3801,4.170226500901223
2019-07-01,14882.7,3831,4.172681727495436
2019-08-01,14974.4,3862,4.175349429932166
2019-09-01,15047.2,3893,4.177455693439369
2019-10-01,15185.6,3923,4.181431956052851
2019-11-01,15301.3,3954,4.184728330088337
2019-12-01,15351.5,3984,4.18615081693995
2020-01-01,15425.0,4015,4.1882251727052795
2020-02-01,15492.8,4046,4.190129914509186
2020-03-01,16034.4,4075,4.205052713465307
2020-04-01,17064.0,4106,4.2320808424413725
2020-05-01,17931.9,4136,4.253626308290492
2020-06-01,18180.0,4167,4.259593878885949
2020-07-01,18331.4,4197,4.263195634032408
2020-08-01,18413.3,4228,4.265131628990561
2020-09-01,18605.0,4259,4.269629674357553
2020-10-01,18759.9,4289,4.273230519034307
2020-11-01,19002.4,4320,4.2788084557387345
2020-12-01,19119.4,4350,4.281474259238315
2021-01-01,19375.3,4381,4.287248435686007
2021-02-01,19641.4,4412,4.293172440202723
2021-03-01,19874.5,4440,4.298296211543732
2021-04-01,20174.1,4471,4.304794169230433
2021-05-01,20457.2,4501,4.310846191068964
2021-06-01,20472.1,4532,4.311162394281148
2021-07-01,20629.1,4562,4.314480281121002
2021-08-01,20843.2,4593,4.318964395800949
2021-09-01,20984.5,4624,4.321898625688184
2021-10-01,21163.3,4654,4.325583388318111
2021-11-01,21340.1,4685,4.329196450203092
2021-12-01,21502.0,4715,4.332478857523364
2022-01-01,21646.4,4746,4.335385679435957
2022-02-01,21724.7,4777,4.336953787917291
2022-03-01,21787.2,4805,4.338201420118437
2022-04-01,21767.6,4836,4.3378105482779095
2022-05-01,21717.4,4866,4.336807830436058
2022-06-01,21646.7,4897,4.335391698332481
2022-07-01,21649.2,4927,4.335441852559832
2022-08-01,21641.9,4958,4.335295385976726
2022-09-01,21541.3,4989,4.333271909072923
2022-10-01,21464.1,5019,4.331712683021459
2022-11-01,21409.4,5050,4.330604496330382
2022-12-01,21293.1,5080,4.328238893701651
2023-01-01,21274.0,5111,4.327849154905208
2023-02-01,21240.2,5142,4.327158601792079
2023-03-01,20942.3,5170,4.321024376600476
2023-04-01,20758.3,5201,4.317191784106576
2023-05-01,20829.6,5231,4.3186809300792515
2023-06-01,20798.9,5262,4.318040366858788
2023-07-01,20792.2,5292,4.317900443988081
2023-08-01,20782.0,5323,4.3176873404861835
2023-09-01,20753.6,5354,4.317093441989079
2023-10-01,20737.5,5384,4.316756399032417
2023-11-01,20749.7,5415,4.317011822046356
2023-12-01,20779.9,5445,4.317643453252309
2024-01-01,20835.5,5476,4.318803926902029
2024-02-01,20921.7,5507,4.32059697037798
2024-03-01,20965.9,5536,4.321513510032899
2024-04-01,20955.5,5567,4.321298027596509
2024-05-01,21021.7,5597,4.32266783399316
2024-06-01,21070.7,5628,4.323678963756534
2024-07-01,21098.8,5658,4.324257755383078
2024-08-01,21191.9,5689,4.3261698959521295
2024-09-01,21275.5,5720,4.327879775322516
2024-10-01,21336.7,5750,4.329127250954714
2024-11-01,21454.8,5781,4.331524470427711
2024-12-01,21487.6,5811,4.332187910839827
2025-01-01,21539.2,5842,4.333229568876652
2025-02-01,21607.2,5873,4.334598491856121
2025-03-01,21684.1,5901,4.336141401437741
2025-04-01,21770.9,5932,4.337876382966427
2025-05-01,21836.2,5962,4.3391770633999345
2025-06-01,21942.7,5993,4.341290065488263
2025-07-01,22025.5,6023,4.342925776097761
2025-08-01,22092.5,6054,4.344244863665512
2025-09-01,22176.1,6085,4.345885171325935
2025-10-01,22249.8,6115,4.347326111528782
2025-11-01,22279.8,6146,4.3479112879699935
2025-12-01,22355.3,6176,4.34938050231724
2026-01-01,22420.1,6207,4.350637545339746
2026-02-01,22620.3,6238,4.354498360425007
2026-03-01,22676.1,6266,4.355568363531158
2026-04-01,22799.9,6297,4.357932942195918
2026-05-01,23055.6,6327,4.362776428802162
2026-06-01,23155.2,6358,4.364648536507682
